{
  "year": 2026,
  "totalAllocation": 1148900000,
  "totalPopulation": 332240239,
  "avgPerCapita": 3.46,
  "lastUpdated": "2026-02-15",
  "source": {
    "name": "Novogradac",
    "url": "https://www.novoco.com/resource-centers/affordable-housing-tax-credits/2026-federal-lihtc-information-by-state",
    "lastUpdated": "February 2026",
    "updateFrequency": "Quarterly",
    "note": "Check source URL for latest updates. Some states estimated pending official confirmation."
  },
  "states": {
    "AL": {
      "name": "Alabama",
      "abbr": "AL",
      "allocation": 17600000,
      "population": 5074296,
      "perCapita": 3.47,
      "status": "confirmed",
      "source": "CSV",
      "region": "south"
    },
    "AK": {
      "name": "Alaska",
      "abbr": "AK",
      "allocation": 3500000,
      "population": 733583,
      "perCapita": 4.77,
      "status": "confirmed",
      "source": "CSV",
      "region": "west"
    },
    "AZ": {
      "name": "Arizona",
      "abbr": "AZ",
      "allocation": 25100000,
      "population": 7151502,
      "perCapita": 3.51,
      "status": "estimated",
      "source": "National average",
      "region": "west"
    },
    "AR": {
      "name": "Arkansas",
      "abbr": "AR",
      "allocation": 9500000,
      "population": 3045637,
      "perCapita": 3.12,
      "status": "confirmed",
      "source": "CSV",
      "region": "south"
    },
    "CA": {
      "name": "California",
      "abbr": "CA",
      "allocation": 134700000,
      "population": 39538223,
      "perCapita": 3.41,
      "status": "confirmed",
      "source": "CSV",
      "region": "west",
      "note": "Largest state allocation"
    },
    "CO": {
      "name": "Colorado",
      "abbr": "CO",
      "allocation": 20400000,
      "population": 5773714,
      "perCapita": 3.53,
      "status": "confirmed",
      "source": "CSV",
      "region": "west"
    },
    "CT": {
      "name": "Connecticut",
      "abbr": "CT",
      "allocation": 12600000,
      "population": 3605944,
      "perCapita": 3.5,
      "status": "confirmed",
      "source": "CSV",
      "region": "northeast"
    },
    "DE": {
      "name": "Delaware",
      "abbr": "DE",
      "allocation": 3400000,
      "population": 989948,
      "perCapita": 3.44,
      "status": "estimated",
      "source": "National average",
      "region": "south"
    },
    "DC": {
      "name": "District of Columbia",
      "abbr": "DC",
      "allocation": 2400000,
      "population": 689545,
      "perCapita": 3.48,
      "status": "estimated",
      "source": "National average",
      "region": "south"
    },
    "FL": {
      "name": "Florida",
      "abbr": "FL",
      "allocation": 79900000,
      "population": 22244823,
      "perCapita": 3.59,
      "status": "confirmed",
      "source": "CSV",
      "region": "south"
    },
    "GA": {
      "name": "Georgia",
      "abbr": "GA",
      "allocation": 39600000,
      "population": 10711908,
      "perCapita": 3.7,
      "status": "confirmed",
      "source": "CSV",
      "region": "south"
    },
    "HI": {
      "name": "Hawaii",
      "abbr": "HI",
      "allocation": 5000000,
      "population": 1455271,
      "perCapita": 3.44,
      "status": "estimated",
      "source": "National average",
      "region": "west"
    },
    "ID": {
      "name": "Idaho",
      "abbr": "ID",
      "allocation": 6300000,
      "population": 1839106,
      "perCapita": 3.43,
      "status": "estimated",
      "source": "National average",
      "region": "west"
    },
    "IL": {
      "name": "Illinois",
      "abbr": "IL",
      "allocation": 34000000,
      "population": 12812508,
      "perCapita": 2.65,
      "status": "confirmed",
      "source": "CSV",
      "region": "midwest",
      "note": "Lowest per capita among confirmed"
    },
    "IN": {
      "name": "Indiana",
      "abbr": "IN",
      "allocation": 23400000,
      "population": 6785528,
      "perCapita": 3.45,
      "status": "estimated",
      "source": "National average",
      "region": "midwest"
    },
    "IA": {
      "name": "Iowa",
      "abbr": "IA",
      "allocation": 11100000,
      "population": 3190369,
      "perCapita": 3.48,
      "status": "confirmed",
      "source": "CSV",
      "region": "midwest"
    },
    "KS": {
      "name": "Kansas",
      "abbr": "KS",
      "allocation": 10100000,
      "population": 2937880,
      "perCapita": 3.44,
      "status": "estimated",
      "source": "National average",
      "region": "midwest"
    },
    "KY": {
      "name": "Kentucky",
      "abbr": "KY",
      "allocation": 15700000,
      "population": 4505836,
      "perCapita": 3.48,
      "status": "confirmed",
      "source": "CSV",
      "region": "south"
    },
    "LA": {
      "name": "Louisiana",
      "abbr": "LA",
      "allocation": 15900000,
      "population": 4657757,
      "perCapita": 3.41,
      "status": "estimated",
      "source": "National average",
      "region": "south"
    },
    "ME": {
      "name": "Maine",
      "abbr": "ME",
      "allocation": 4700000,
      "population": 1362359,
      "perCapita": 3.45,
      "status": "estimated",
      "source": "National average",
      "region": "northeast"
    },
    "MD": {
      "name": "Maryland",
      "abbr": "MD",
      "allocation": 21100000,
      "population": 6177224,
      "perCapita": 3.42,
      "status": "estimated",
      "source": "National average",
      "region": "south"
    },
    "MA": {
      "name": "Massachusetts",
      "abbr": "MA",
      "allocation": 23900000,
      "population": 7029917,
      "perCapita": 3.4,
      "status": "estimated",
      "source": "National average",
      "region": "northeast"
    },
    "MI": {
      "name": "Michigan",
      "abbr": "MI",
      "allocation": 34900000,
      "population": 10077331,
      "perCapita": 3.46,
      "status": "confirmed",
      "source": "CSV",
      "region": "midwest"
    },
    "MN": {
      "name": "Minnesota",
      "abbr": "MN",
      "allocation": 19500000,
      "population": 5706494,
      "perCapita": 3.42,
      "status": "estimated",
      "source": "National average",
      "region": "midwest"
    },
    "MS": {
      "name": "Mississippi",
      "abbr": "MS",
      "allocation": 10200000,
      "population": 2961279,
      "perCapita": 3.44,
      "status": "estimated",
      "source": "National average",
      "region": "south"
    },
    "MO": {
      "name": "Missouri",
      "abbr": "MO",
      "allocation": 21300000,
      "population": 6154913,
      "perCapita": 3.46,
      "status": "confirmed",
      "source": "CSV",
      "region": "midwest"
    },
    "MT": {
      "name": "Montana",
      "abbr": "MT",
      "allocation": 3100000,
      "population": 1084225,
      "perCapita": 2.86,
      "status": "estimated",
      "source": "Calculation",
      "region": "west",
      "note": "Data not yet available"
    },
    "NE": {
      "name": "Nebraska",
      "abbr": "NE",
      "allocation": 6700000,
      "population": 1961504,
      "perCapita": 3.42,
      "status": "estimated",
      "source": "National average",
      "region": "midwest"
    },
    "NV": {
      "name": "Nevada",
      "abbr": "NV",
      "allocation": 10700000,
      "population": 3104614,
      "perCapita": 3.45,
      "status": "estimated",
      "source": "National average",
      "region": "west"
    },
    "NH": {
      "name": "New Hampshire",
      "abbr": "NH",
      "allocation": 4800000,
      "population": 1377529,
      "perCapita": 3.48,
      "status": "confirmed",
      "source": "CSV",
      "region": "northeast"
    },
    "NJ": {
      "name": "New Jersey",
      "abbr": "NJ",
      "allocation": 33000000,
      "population": 9288994,
      "perCapita": 3.55,
      "status": "confirmed",
      "source": "CSV",
      "region": "northeast"
    },
    "NM": {
      "name": "New Mexico",
      "abbr": "NM",
      "allocation": 7300000,
      "population": 2117522,
      "perCapita": 3.45,
      "status": "confirmed",
      "source": "CSV",
      "region": "west"
    },
    "NY": {
      "name": "New York",
      "abbr": "NY",
      "allocation": 68100000,
      "population": 20201249,
      "perCapita": 3.37,
      "status": "confirmed",
      "source": "CSV",
      "region": "northeast"
    },
    "NC": {
      "name": "North Carolina",
      "abbr": "NC",
      "allocation": 37700000,
      "population": 10439388,
      "perCapita": 3.61,
      "status": "confirmed",
      "source": "CSV",
      "region": "south"
    },
    "ND": {
      "name": "North Dakota",
      "abbr": "ND",
      "allocation": 4000000,
      "population": 779094,
      "perCapita": 5.13,
      "status": "confirmed",
      "source": "CSV",
      "region": "midwest"
    },
    "OH": {
      "name": "Ohio",
      "abbr": "OH",
      "allocation": 40300000,
      "population": 11799448,
      "perCapita": 3.42,
      "status": "estimated",
      "source": "National average",
      "region": "midwest"
    },
    "OK": {
      "name": "Oklahoma",
      "abbr": "OK",
      "allocation": 13700000,
      "population": 3959353,
      "perCapita": 3.46,
      "status": "estimated",
      "source": "National average",
      "region": "south"
    },
    "OR": {
      "name": "Oregon",
      "abbr": "OR",
      "allocation": 14200000,
      "population": 4237256,
      "perCapita": 3.35,
      "status": "confirmed",
      "source": "CSV",
      "region": "west"
    },
    "PA": {
      "name": "Pennsylvania",
      "abbr": "PA",
      "allocation": 44400000,
      "population": 13002700,
      "perCapita": 3.41,
      "status": "estimated",
      "source": "National average",
      "region": "northeast"
    },
    "RI": {
      "name": "Rhode Island",
      "abbr": "RI",
      "allocation": 3700000,
      "population": 1097379,
      "perCapita": 3.37,
      "status": "estimated",
      "source": "National average",
      "region": "northeast"
    },
    "SC": {
      "name": "South Carolina",
      "abbr": "SC",
      "allocation": 18600000,
      "population": 5118425,
      "perCapita": 3.63,
      "status": "confirmed",
      "source": "CSV",
      "region": "south"
    },
    "SD": {
      "name": "South Dakota",
      "abbr": "SD",
      "allocation": 3100000,
      "population": 886667,
      "perCapita": 3.5,
      "status": "estimated",
      "source": "National average",
      "region": "midwest"
    },
    "TN": {
      "name": "Tennessee",
      "abbr": "TN",
      "allocation": 23700000,
      "population": 6910840,
      "perCapita": 3.43,
      "status": "estimated",
      "source": "National average",
      "region": "south"
    },
    "TX": {
      "name": "Texas",
      "abbr": "TX",
      "allocation": 106900000,
      "population": 29145505,
      "perCapita": 3.67,
      "status": "confirmed",
      "source": "CSV",
      "region": "south",
      "note": "Second largest allocation"
    },
    "UT": {
      "name": "Utah",
      "abbr": "UT",
      "allocation": 12000000,
      "population": 3271616,
      "perCapita": 3.67,
      "status": "confirmed",
      "source": "CSV",
      "region": "west"
    },
    "VT": {
      "name": "Vermont",
      "abbr": "VT",
      "allocation": 2200000,
      "population": 643077,
      "perCapita": 3.42,
      "status": "estimated",
      "source": "National average",
      "region": "northeast"
    },
    "VA": {
      "name": "Virginia",
      "abbr": "VA",
      "allocation": 30200000,
      "population": 8631393,
      "perCapita": 3.5,
      "status": "confirmed",
      "source": "CSV",
      "region": "south"
    },
    "WA": {
      "name": "Washington",
      "abbr": "WA",
      "allocation": 24600000,
      "population": 7705281,
      "perCapita": 3.19,
      "status": "confirmed",
      "source": "CSV",
      "region": "west"
    },
    "WV": {
      "name": "West Virginia",
      "abbr": "WV",
      "allocation": 6000000,
      "population": 1793716,
      "perCapita": 3.35,
      "status": "confirmed",
      "source": "CSV",
      "region": "south"
    },
    "WI": {
      "name": "Wisconsin",
      "abbr": "WI",
      "allocation": 20100000,
      "population": 5893718,
      "perCapita": 3.41,
      "status": "estimated",
      "source": "National average",
      "region": "midwest"
    },
    "WY": {
      "name": "Wyoming",
      "abbr": "WY",
      "allocation": 4000000,
      "population": 576851,
      "perCapita": 6.93,
      "status": "confirmed",
      "source": "CSV",
      "region": "west",
      "note": "Highest per capita"
    }
  }
}